reference_riot_id,source_player_name,source_tag,matches_analyzed,current_rank_mode,match_rank_mode,avg_team_rank_mode,avg_team_rank_mean_value,avg_team_rank_nearest,avg_team_rank_group,wins,losses,draws,winrate,total_kills,total_deaths,total_assists,total_rounds,recent_kd,recent_kda,recent_acs,recent_tracker_score,recent_adr,recent_dda,recent_hs,recent_kast,recent_first_kills,recent_first_deaths,recent_entry_success,recent_entry_activity,recent_multi_kill_rate,acs_std,trs_std,main_agent,main_map
Тифай#7020,Тифай,7020,20,Bronze 2,Bronze 2,Bronze 1,4.1,Bronze 1,Bronze,7,13,0,35.0,296,306,135,419,0.967,1.408,199.0,486.2,118.2,6.17,23.85,61.15,32,36,47.06,16.23,38.42,63.93,247.71,Omen,Lotus
Gianpier#7460,Gianpier,7460,20,Gold 1,Gold 1,Bronze 2,4.35,Bronze 1,Bronze,10,10,0,50.0,313,310,157,416,1.01,1.516,216.2,563.4,135.11,4.06,24.05,67.35,42,34,55.26,18.27,24.04,61.4,264.39,Omen,Breeze
VirtuousNeedle#gnx,VirtuousNeedle,gnx,20,Silver 3,Silver 3,Bronze 2,4.95,Bronze 2,Bronze,8,12,0,40.0,344,261,113,384,1.318,1.751,258.1,655.75,162.78,63.6,22.65,68.2,52,33,61.18,22.14,47.66,110.1,238.66,Raze,Haven
Dettez#deMar,Dettez,deMar,20,Silver 2,Silver 2,Bronze 3,6.25,Bronze 3,Bronze,13,7,0,65.0,334,285,69,420,1.172,1.414,221.1,614.0,142.16,28.51,24.2,69.55,56,46,54.9,24.29,29.52,58.7,216.17,Chamber,Split
T I Z Z I A N O#1007,T I Z Z I A N O,1007,20,Gold 2,Gold 2,Silver 1,6.55,Silver 1,Silver,15,4,1,75.0,225,266,157,403,0.846,1.436,160.75,485.55,104.65,-23.35,20.5,72.95,19,29,39.58,11.91,2.23,44.9,199.14,Brimstone,Lotus
littekensl#4198,littekensl,4198,20,Gold 3,Gold 3,Silver 3,7.0,Silver 1,Silver,11,8,1,55.0,418,320,112,432,1.306,1.656,277.15,717.95,175.03,66.11,25.7,67.35,71,65,52.21,31.48,60.88,86.38,185.75,Chamber,Lotus
handrolld500#LAS,handrolld500,LAS,20,Gold 2,Gold 2,Silver 3,7.35,Silver 1,Silver,9,10,1,45.0,376,310,77,428,1.213,1.461,246.35,608.1,156.76,25.52,24.85,66.65,59,44,57.28,24.07,34.58,67.43,241.3,Raze,Ascent
sinakaa#8483,sinakaa,8483,20,Silver 3,Silver 3,Silver 1,7.5,Silver 1,Silver,7,11,2,35.0,312,327,175,440,0.954,1.489,194.15,489.95,109.97,5.19,34.3,62.9,38,28,57.58,15.0,204.55,76.33,218.27,Clove,Haven
KAOS#IAM,KAOS,IAM,20,Gold 2,Gold 2,Silver 1,7.6,Silver 2,Silver,8,12,0,40.0,275,310,180,415,0.887,1.468,204.7,515.7,128.42,2.77,19.35,67.85,33,48,40.74,19.52,106.27,52.67,240.73,Breach,Pearl
dgljnl finalboss#taeko,dgljnl finalboss,taeko,20,Platinum 2,Platinum 2,Silver 2,7.6,Silver 2,Silver,10,9,1,50.0,440,329,89,429,1.337,1.608,280.6,711.9,182.36,30.1,32.05,76.8,66,53,55.46,27.74,10.49,67.71,206.49,Clove,Haven
Axel367#safi,Axel367,safi,20,Silver 3,Silver 3,Silver 3,7.7,Silver 2,Silver,12,8,0,60.0,314,320,92,443,0.981,1.269,202.45,508.55,133.44,2.35,19.9,68.25,55,35,61.11,20.32,5.87,91.54,266.3,Chamber,Haven
starken#7821,starken,7821,20,Gold 2,Gold 2,Bronze 3,7.8,Silver 2,Silver,10,10,0,50.0,261,292,147,403,0.894,1.397,193.3,525.55,123.5,19.76,20.4,63.95,17,21,44.74,9.43,160.3,75.86,248.06,Sova,Pearl
roamz#xzs,roamz,xzs,20,Silver 3,Silver 3,Silver 2,8.2,Silver 2,Silver,6,13,1,30.0,337,343,83,434,0.983,1.224,217.85,487.9,138.93,-0.06,30.1,61.2,45,46,49.45,20.97,73.73,55.15,228.76,Chamber,Haven
Krispeta#COL,Krispeta,COL,20,Silver 3,Silver 3,Silver 3,8.25,Silver 2,Silver,9,10,1,45.0,277,286,143,412,0.969,1.469,199.5,536.3,119.32,15.66,21.95,67.1,28,20,58.33,11.65,186.41,55.27,225.06,Clove,Breeze
Andress#0429,Andress,0429,20,Gold 1,Gold 1,Gold 1,8.35,Silver 2,Silver,8,11,1,40.0,413,389,123,447,1.062,1.378,266.9,653.05,169.13,1.05,13.55,76.1,45,32,58.44,17.23,7.61,59.74,234.86,Clove,Lotus
G4TN#G4TN,G4TN,G4TN,20,Platinum 1,Platinum 1,Silver 2,8.35,Silver 2,Silver,10,10,0,50.0,407,310,125,432,1.313,1.716,273.4,745.6,177.77,41.8,23.1,78.95,64,45,58.72,25.23,8.33,65.91,162.7,Sova,Fracture
Tramadol#LASPA,Tramadol,LASPA,20,Gold 1,Gold 1,Silver 3,8.45,Silver 2,Silver,10,9,1,50.0,301,266,89,405,1.132,1.466,190.15,507.85,118.53,36.34,26.0,58.5,43,42,50.59,20.99,79.75,77.24,215.27,Chamber,Breeze
G17 SebaMaug 族#7464,G17 SebaMaug 族,7464,20,Gold 2,Gold 2,Gold 2,8.5,Silver 2,Silver,8,12,0,40.0,249,291,139,417,0.856,1.333,176.55,495.55,118.76,-9.75,15.85,71.5,30,35,46.15,15.59,4.08,55.55,237.92,Sova,Ascent
lol me arruino#doffy,lol me arruino,doffy,20,Silver 3,Silver 3,Silver 3,8.6,Silver 3,Silver,12,8,0,60.0,279,294,150,421,0.949,1.459,196.5,542.95,112.18,1.4,18.7,66.35,22,25,46.81,11.16,80.76,46.54,176.26,Sage,Haven
Kyojuro#BOT,Kyojuro,BOT,20,Gold 3,Gold 3,Gold 1,8.65,Silver 3,Silver,8,12,0,40.0,322,307,115,432,1.049,1.423,220.6,581.15,134.22,10.59,13.3,70.05,44,41,51.76,19.68,86.11,40.15,215.17,Killjoy,Fracture
MAGGIE GREENE#6969,MAGGIE GREENE,6969,20,Gold 2,Gold 2,Gold 1,8.75,Silver 3,Silver,7,12,1,35.0,353,309,63,408,1.142,1.346,240.2,586.8,149.66,22.16,32.5,65.7,43,39,52.44,20.1,105.64,71.78,279.09,Chamber,Ascent
ÁmbarTeAmo#2409,ÁmbarTeAmo,2409,20,Silver 3,Silver 3,Silver 3,8.75,Silver 3,Silver,8,12,0,40.0,276,313,88,425,0.882,1.163,187.0,462.65,115.7,-6.42,24.2,65.85,34,40,45.95,17.41,30.82,48.99,221.32,Chamber,Ascent
YËP ElSucioNemo#NEMO,YËP ElSucioNemo,NEMO,20,Gold 2,Gold 2,Gold 2,8.8,Silver 3,Silver,10,9,1,50.0,325,311,118,436,1.045,1.424,209.15,558.35,135.4,-0.8,16.3,73.4,33,22,60.0,12.61,3.9,69.88,226.19,Killjoy,Fracture
FF10#FF1,FF10,FF1,20,Gold 3,Gold 3,Silver 3,9.0,Silver 3,Silver,13,7,0,65.0,279,338,124,417,0.825,1.192,202.05,461.1,134.13,-17.35,16.9,63.8,41,65,38.68,25.42,4.56,54.61,227.72,Sage,Fracture
MLK KING#5605,MLK KING,5605,20,Gold 2,Gold 2,Gold 2,9.05,Silver 3,Silver,11,9,0,55.0,387,305,114,417,1.269,1.643,248.8,652.05,158.13,27.86,27.65,70.75,36,40,47.37,18.23,33.09,73.36,232.71,Clove,Split
Ishotyou#2234,Ishotyou,2234,20,Platinum 1,Platinum 1,Gold 1,9.15,Silver 3,Silver,10,10,0,50.0,315,303,112,419,1.04,1.409,203.35,556.95,132.29,-7.85,28.05,76.0,21,27,43.75,11.46,6.92,54.93,223.66,Clove,Fracture
Paco Amoroso#ckL,Paco Amoroso,ckL,20,Platinum 1,Platinum 1,Silver 2,9.2,Silver 3,Silver,8,11,1,40.0,303,302,111,413,1.003,1.371,213.45,561.4,135.63,14.39,17.45,67.45,25,29,46.3,13.08,157.87,65.57,232.42,Clove,Fracture
fifi#1211,fifi,1211,20,Gold 1,Gold 1,Gold 1,9.3,Silver 3,Silver,10,10,0,50.0,321,294,89,417,1.092,1.395,204.5,535.85,137.85,17.36,37.8,66.55,38,31,55.07,16.55,45.8,82.33,238.44,Killjoy,Ascent
Pitu#2301,Pitu,2301,20,Platinum 2,Platinum 2,Silver 3,9.4,Silver 3,Silver,10,9,1,50.0,286,298,119,417,0.96,1.359,201.85,554.3,125.89,15.89,25.85,64.15,38,37,50.67,17.99,164.75,68.37,270.82,Deadlock,Split
FAST LIFE 999#8513,FAST LIFE 999,8513,20,Gold 2,Gold 2,Gold 2,9.45,Silver 3,Silver,10,9,1,50.0,288,347,258,446,0.83,1.573,190.65,543.1,113.95,-2.16,24.2,70.05,24,34,41.38,13.0,86.77,63.35,158.31,KAY/O,Ascent
JustAni#765,JustAni,765,20,Platinum 3,Platinum 3,Gold 1,9.5,Silver 3,Silver,11,8,1,55.0,445,291,120,430,1.529,1.942,277.25,717.15,160.41,77.82,27.3,66.55,58,42,58.0,23.26,100.93,104.52,183.84,Reyna,Fracture
CarlYohn#LAS,CarlYohn,LAS,20,Gold 3,Gold 3,Gold 1,9.55,Gold 1,Gold,8,12,0,40.0,291,310,134,424,0.939,1.371,195.9,507.8,129.75,-7.7,23.05,70.05,23,36,38.98,13.92,4.25,45.22,237.01,Skye,Fracture
NicoStyleGZ#LAS,NicoStyleGZ,LAS,20,Platinum 1,Platinum 1,Silver 2,9.55,Gold 1,Gold,9,11,0,45.0,313,303,109,404,1.033,1.393,229.2,571.15,139.15,15.28,15.2,70.0,53,39,57.61,22.77,53.71,71.6,208.21,Killjoy,Haven
Pelado#69420,Pelado,69420,20,Gold 2,Gold 2,Gold 2,9.55,Gold 1,Gold,11,9,0,55.0,310,296,103,404,1.047,1.395,213.25,572.85,126.46,11.87,28.5,63.35,49,44,52.69,23.02,227.72,64.45,240.15,Cypher,Pearl
THIAGO ELOYO#213,THIAGO ELOYO,213,20,Gold 1,Gold 1,Gold 1,9.6,Gold 1,Gold,7,12,1,35.0,332,351,59,448,0.946,1.114,206.3,453.95,121.81,-2.58,27.45,55.75,50,58,46.3,24.11,105.8,68.5,243.0,Jett,Ascent
lumtmaj#2510,lumtmaj,2510,20,Platinum 1,Platinum 1,Gold 2,9.6,Gold 1,Gold,8,11,1,40.0,312,346,71,446,0.902,1.107,189.8,452.25,122.57,-12.62,36.3,63.95,59,73,44.7,29.6,61.21,55.89,190.86,Jett,Split
KxxxxJR#LAS,KxxxxJR,LAS,20,Platinum 3,Platinum 3,Silver 3,9.65,Gold 1,Gold,13,7,0,65.0,290,316,165,432,0.918,1.44,194.1,569.0,129.57,15.59,24.8,70.05,36,33,52.17,15.97,31.25,64.28,192.39,Chamber,Ascent
Sneaby#777,Sneaby,777,20,Platinum 1,Platinum 1,Silver 2,9.8,Gold 1,Gold,10,10,0,50.0,249,311,171,436,0.801,1.35,171.15,448.9,101.46,-15.11,16.85,66.85,33,39,45.83,16.51,38.76,48.59,220.9,Sage,Split
TheIISS#Panda,TheIISS,Panda,20,Platinum 1,Platinum 1,Gold 1,10.25,Gold 1,Gold,8,11,1,40.0,354,339,108,414,1.044,1.363,253.4,623.9,150.76,11.26,21.2,70.35,73,69,51.41,34.3,64.73,59.09,198.88,Jett,Breeze
elpibe de oro#1402,elpibe de oro,1402,20,Gold 2,Gold 2,Gold 2,10.75,Gold 2,Gold,14,6,0,70.0,256,261,127,397,0.981,1.467,182.65,529.6,108.67,10.36,29.1,65.4,23,12,65.71,8.82,189.42,63.52,228.84,Sova,Ascent
try04#2562,try04,2562,20,Gold 3,Gold 3,Gold 3,10.75,Gold 2,Gold,10,10,0,50.0,320,325,94,428,0.985,1.274,210.35,536.55,138.03,-7.6,35.5,69.6,41,37,52.56,18.22,3.74,65.22,238.51,Fade,Lotus
Elamordetuvida#istp,Elamordetuvida,istp,20,Platinum 1,Platinum 1,Platinum 1,11.0,Gold 2,Gold,11,9,0,55.0,310,271,130,420,1.144,1.624,203.85,571.6,139.17,32.24,29.1,66.8,23,42,35.38,15.48,58.33,78.04,213.83,Jett,Split
Lxnardhh#00001,Lxnardhh,00001,20,Platinum 2,Platinum 2,Gold 3,11.05,Gold 2,Gold,9,11,0,45.0,319,298,105,413,1.07,1.423,226.25,595.35,135.29,26.14,18.9,65.15,43,36,54.43,19.13,149.15,59.68,256.1,Killjoy,Split
LeprosoMujeriego#Abru,LeprosoMujeriego,Abru,20,Platinum 1,Platinum 1,Platinum 1,11.1,Gold 2,Gold,7,12,1,35.0,320,323,113,424,0.991,1.341,220.2,567.85,120.83,29.73,33.7,56.35,39,42,48.15,19.1,328.77,55.65,237.21,Raze,Ascent
KryZ愛#7776,KryZ愛,7776,20,Platinum 2,Platinum 2,Gold 1,11.45,Gold 2,Gold,10,9,1,50.0,299,324,74,415,0.923,1.151,200.25,465.3,125.47,-6.93,27.85,61.75,30,39,43.48,16.63,43.86,62.15,263.14,Clove,Split
Dani Ángel#0605,Dani Ángel,0605,20,Platinum 2,Platinum 2,Gold 3,11.55,Gold 3,Gold,11,9,0,55.0,317,284,148,411,1.116,1.637,212.55,612.65,125.06,49.18,33.45,61.0,36,17,67.92,12.9,179.08,60.97,207.56,Chamber,Pearl
k9999z#LAN,k9999z,LAN,20,Platinum 3,Platinum 3,Gold 1,11.55,Gold 3,Gold,13,6,1,65.0,321,321,120,426,1.0,1.374,232.6,628.15,131.12,21.01,15.4,65.45,72,83,46.45,36.38,92.25,47.37,214.36,Raze,Lotus
ChiChoBelo#idk,ChiChoBelo,idk,20,Platinum 2,Platinum 2,Platinum 1,12.0,Gold 3,Gold,12,8,0,60.0,207,298,174,415,0.695,1.279,147.15,359.9,95.5,-45.45,18.85,66.6,17,32,34.69,11.81,1.93,33.81,150.22,KAY/O,Split
HF Nitrogen0#HF1,HF Nitrogen0,HF1,20,Platinum 2,Platinum 2,Gold 3,12.0,Gold 3,Gold,8,12,0,40.0,313,335,82,435,0.934,1.179,206.1,494.25,127.55,-3.28,28.05,63.7,66,48,57.89,26.21,19.54,61.17,250.92,Chamber,Haven
qw3rty愛#poop,qw3rty愛,poop,20,Platinum 3,Platinum 3,Platinum 2,12.0,Gold 3,Gold,9,10,1,45.0,340,310,103,428,1.097,1.429,217.55,580.65,128.63,33.07,36.05,61.65,37,32,53.62,16.12,122.2,43.02,210.03,Omen,Pearl
IAmMadMiks#7474,IAmMadMiks,7474,20,Platinum 3,Platinum 3,Gold 3,12.4,Gold 3,Gold,11,9,0,55.0,288,315,171,441,0.914,1.457,185.15,516.0,109.74,-3.14,27.15,62.95,29,43,40.28,16.33,114.51,65.24,228.18,Omen,Split
Marcelini#4CHAN,Marcelini,4CHAN,20,Platinum 3,Platinum 3,Platinum 1,12.4,Gold 3,Gold,10,10,0,50.0,268,337,66,405,0.795,0.991,194.4,416.0,121.35,-15.71,24.4,58.45,52,63,45.22,28.4,73.83,52.68,152.62,Chamber,Breeze
Yukinoツ#2004,Yukinoツ,2004,20,Diamond 2,Diamond 2,Platinum 1,12.8,Platinum 1,Platinum,13,7,0,65.0,410,255,108,406,1.608,2.031,286.2,783.8,191.2,71.9,31.55,78.95,61,35,63.54,23.65,9.11,69.02,183.91,Jett,Split
Tintinela#Eltin,Tintinela,Eltin,20,Diamond 2,Diamond 2,Platinum 2,13.25,Platinum 1,Platinum,10,10,0,50.0,239,322,73,425,0.742,0.969,164.65,397.15,104.67,-20.59,32.25,60.65,45,66,40.54,26.12,52.0,51.97,221.75,Jett,Fracture
Alee2#4014,Alee2,4014,20,Diamond 2,Diamond 2,Platinum 3,13.75,Platinum 2,Platinum,12,7,1,60.0,340,349,108,456,0.974,1.284,222.55,570.5,135.34,16.81,25.45,63.75,61,66,48.03,27.85,79.39,46.18,193.34,Jett,Ascent
Pineapple#LAN1,Pineapple,LAN1,20,Diamond 2,Diamond 2,Platinum 1,13.8,Platinum 2,Platinum,8,12,0,40.0,293,321,129,419,0.913,1.315,198.65,509.25,117.75,2.46,26.1,64.65,39,29,57.35,16.23,77.8,51.07,205.17,Sova,Haven
奈々miyo#236,奈々miyo,236,20,Diamond 3,Diamond 3,Diamond 1,13.85,Platinum 2,Platinum,10,10,0,50.0,368,350,133,435,1.051,1.431,239.7,577.65,151.16,14.71,27.25,65.05,51,46,52.58,22.3,96.32,88.23,308.34,Sova,Lotus
Dean Winchester#xnzs,Dean Winchester,xnzs,20,Diamond 1,Diamond 1,Diamond 1,14.0,Platinum 2,Platinum,7,13,0,35.0,390,335,72,452,1.164,1.379,248.9,613.2,160.74,30.82,34.3,67.3,76,54,58.46,28.76,31.86,66.4,219.58,Jett,Split
Johnnyxdjaja11#JV1,Johnnyxdjaja11,JV1,20,Platinum 3,Platinum 3,Platinum 3,14.0,Platinum 2,Platinum,11,8,1,55.0,340,337,84,443,1.009,1.258,222.15,589.65,145.83,1.7,30.15,71.0,49,49,50.0,22.12,4.97,48.75,209.04,Chamber,Fracture
TimDrake#dcc,TimDrake,dcc,20,Diamond 3,Diamond 3,Diamond 1,14.2,Platinum 2,Platinum,10,10,0,50.0,304,281,165,408,1.082,1.669,198.45,541.85,133.15,48.97,35.6,59.35,33,49,40.24,20.1,134.31,93.11,238.06,Reyna,Breeze
Dexiny κ#KNR,Dexiny κ,KNR,20,Ascendant 2,Ascendant 2,Diamond 2,14.45,Platinum 2,Platinum,9,11,0,45.0,333,296,113,426,1.125,1.507,215.9,525.8,132.71,28.39,38.65,59.85,62,57,52.1,27.93,188.97,66.08,183.32,Chamber,Ascent
v16 sinpatente#007,v16 sinpatente,007,20,Diamond 2,Diamond 2,Platinum 1,14.55,Platinum 3,Platinum,9,11,0,45.0,270,309,111,417,0.874,1.233,181.7,478.0,105.22,-1.19,41.55,55.15,34,30,53.12,15.35,197.6,57.03,207.81,Fade,Pearl
RV Wolf#WAR,RV Wolf,WAR,20,Diamond 3,Diamond 3,Diamond 1,14.6,Platinum 3,Platinum,12,8,0,60.0,303,318,129,428,0.953,1.358,196.95,541.3,126.88,12.64,33.65,65.05,53,50,51.46,24.07,257.48,47.78,163.96,Chamber,Breeze
xSaso#1404,xSaso,1404,20,Diamond 2,Diamond 2,Diamond 1,14.7,Platinum 3,Platinum,12,8,0,60.0,288,295,128,425,0.976,1.41,198.35,548.55,129.68,4.1,17.55,69.2,35,27,56.45,14.59,5.18,58.95,238.41,Sage,Split
DiegoTownshend#6969,DiegoTownshend,6969,20,Diamond 2,Diamond 2,Diamond 1,14.8,Platinum 3,Platinum,11,9,0,55.0,381,297,94,417,1.283,1.599,256.0,672.3,161.93,35.15,32.6,69.95,63,38,62.38,24.22,53.24,59.54,200.99,Jett,Split
LPR FabianNCSY#SuTro,LPR FabianNCSY,SuTro,20,Diamond 3,Diamond 3,Diamond 1,15.3,Platinum 3,Platinum,12,7,1,60.0,260,324,144,443,0.802,1.247,182.2,472.7,120.88,-20.2,18.65,69.65,37,54,40.66,20.54,2.93,60.94,231.68,Reyna,Lotus
حياتي#0808,حياتي,0808,20,Immortal 3,Immortal 3,Diamond 2,15.3,Platinum 3,Platinum,16,4,0,80.0,264,251,137,396,1.052,1.598,176.7,606.0,100.36,51.5,38.3,59.45,23,21,52.27,11.11,548.99,71.75,201.9,Breach,Fracture
x19x#aaaa,x19x,aaaa,20,Diamond 3,Diamond 3,Platinum 3,15.45,Platinum 3,Platinum,10,10,0,50.0,302,331,118,432,0.912,1.269,205.0,511.2,129.62,0.35,33.5,64.4,46,61,42.99,24.77,45.37,39.36,201.22,Jett,Split
LPR NikoTelechea#srWea,LPR NikoTelechea,srWea,20,Diamond 3,Diamond 3,Diamond 1,15.55,Diamond 1,Diamond,5,14,1,25.0,326,336,66,457,0.97,1.167,197.75,510.3,119.72,7.79,32.95,61.95,52,47,52.53,21.66,110.72,52.36,208.07,Jett,Lotus
SALTILLENSE#1649,SALTILLENSE,1649,20,Diamond 3,Diamond 3,Diamond 1,15.55,Diamond 1,Diamond,10,8,2,50.0,370,291,99,415,1.271,1.612,261.35,669.15,172.58,36.95,18.95,71.7,85,70,54.84,37.35,8.92,85.18,280.1,Chamber,Breeze
Eu farei 10x#1891,Eu farei 10x,1891,20,Diamond 3,Diamond 3,Platinum 3,15.7,Diamond 1,Diamond,8,12,0,40.0,312,286,161,415,1.091,1.654,225.3,619.05,140.95,21.29,23.85,71.75,26,20,56.52,11.08,40.48,55.6,244.93,Sova,Split
Aang#AIRE,Aang,AIRE,20,Immortal 1,Immortal 1,Platinum 1,16.1,Diamond 1,Diamond,13,7,0,65.0,303,265,125,412,1.143,1.615,214.55,618.45,134.94,21.59,23.3,69.9,39,28,58.21,16.26,92.96,40.95,146.73,Sova,Ascent
Jay Jo#JOJI,Jay Jo,JOJI,20,Diamond 3,Diamond 3,Diamond 2,16.2,Diamond 1,Diamond,7,13,0,35.0,327,299,76,407,1.094,1.348,227.3,577.8,141.66,15.19,30.1,67.2,65,49,57.02,28.01,38.08,59.66,246.98,Chamber,Ascent
SashydeuS#666,SashydeuS,666,20,Diamond 2,Diamond 2,Diamond 2,16.35,Diamond 1,Diamond,12,8,0,60.0,321,333,156,417,0.964,1.432,230.25,593.85,148.34,11.0,23.85,70.5,40,28,58.82,16.31,117.27,62.78,192.79,Clove,Haven
El minideus#6996,El minideus,6996,20,Diamond 3,Diamond 3,Diamond 1,16.5,Diamond 1,Diamond,8,12,0,40.0,345,330,66,436,1.045,1.245,226.1,555.65,135.21,18.76,30.4,63.4,58,48,54.72,24.31,109.4,51.06,205.67,Jett,Haven
SoKo9#LAS,SoKo9,LAS,20,Diamond 2,Diamond 2,Diamond 2,16.55,Diamond 2,Diamond,11,9,0,55.0,314,329,93,433,0.954,1.237,213.15,568.75,139.05,-6.15,12.9,74.0,45,47,48.91,21.25,5.08,53.51,200.99,Raze,Lotus
Lucayro#1972,Lucayro,1972,20,Diamond 3,Diamond 3,Diamond 3,16.65,Diamond 2,Diamond,7,13,0,35.0,320,355,105,458,0.901,1.197,204.25,500.5,124.5,4.91,25.8,63.5,45,61,42.45,23.14,177.73,55.76,220.91,Jett,Haven
Athexo#0110,Athexo,0110,20,Diamond 3,Diamond 3,Diamond 3,17.35,Diamond 2,Diamond,9,10,1,45.0,320,355,107,443,0.901,1.203,212.6,516.6,142.25,-11.7,22.4,68.85,39,64,37.86,23.25,4.97,41.0,185.17,Clove,Lotus
LGslayer#4348,LGslayer,4348,20,Ascendant 2,Ascendant 2,Diamond 3,17.4,Diamond 2,Diamond,12,8,0,60.0,342,340,75,421,1.006,1.226,229.7,550.55,143.78,7.46,41.05,65.55,63,45,58.33,25.65,136.58,68.56,267.41,Chamber,Lotus
Laze#MANU,Laze,MANU,20,Ascendant 2,Ascendant 2,Diamond 3,17.5,Diamond 2,Diamond,12,8,0,60.0,306,306,106,448,1.0,1.346,190.45,548.05,123.7,10.39,29.1,69.9,20,29,40.82,10.94,164.29,53.15,209.82,Killjoy,Haven
爱 LolaPistola#Lele,爱 LolaPistola,Lele,20,Diamond 3,Diamond 3,Diamond 3,17.55,Diamond 3,Diamond,9,10,1,45.0,316,323,120,439,0.978,1.35,211.4,586.15,128.39,28.11,37.65,61.8,32,33,49.23,14.81,181.78,44.73,168.84,Sova,Ascent
Modern Mullet#Pato,Modern Mullet,Pato,20,Ascendant 2,Ascendant 2,Diamond 3,17.6,Diamond 3,Diamond,9,10,1,45.0,354,331,92,441,1.069,1.347,239.55,616.25,142.69,33.76,28.0,64.25,61,60,50.41,27.44,192.29,72.71,215.75,Chamber,Ascent
Lelouch#HELL,Lelouch,HELL,20,Ascendant 3,Ascendant 3,Diamond 2,17.8,Diamond 3,Diamond,10,10,0,50.0,314,281,151,413,1.117,1.655,221.7,621.35,136.73,35.05,27.8,66.2,44,44,50.0,21.31,88.86,39.19,184.17,Killjoy,Pearl
veno#2121,veno,2121,20,Immortal 3,Immortal 3,Diamond 1,17.8,Diamond 3,Diamond,16,4,0,80.0,397,243,89,409,1.634,2.0,255.4,751.95,159.38,64.94,33.8,72.25,51,24,68.0,18.34,250.12,89.14,212.86,Jett,Split
C4lo#1234,C4lo,1234,20,Ascendant 2,Ascendant 2,Diamond 3,17.85,Diamond 3,Diamond,12,8,0,60.0,244,295,147,400,0.827,1.325,183.2,504.3,119.02,-10.77,22.6,68.35,31,36,46.27,16.75,48.75,59.75,264.34,Raze,Split
Twitch Krizzgo#twtch,Twitch Krizzgo,twtch,20,Ascendant 3,Ascendant 3,Diamond 3,17.9,Diamond 3,Diamond,13,7,0,65.0,381,238,57,385,1.601,1.84,268.55,757.55,179.49,62.75,30.95,79.15,58,34,63.04,23.9,10.65,62.31,214.21,Chamber,Fracture
tuki#tft,tuki,tft,20,Ascendant 2,Ascendant 2,Ascendant 1,17.9,Diamond 3,Diamond,10,10,0,50.0,288,316,111,421,0.911,1.263,200.15,501.2,133.78,1.36,30.3,65.6,53,49,51.96,24.23,136.58,65.98,251.41,Cypher,Haven
twitch luistygod#2412,twitch luistygod,2412,20,Immortal 3,Immortal 3,Ascendant 2,18.3,Diamond 3,Diamond,14,6,0,70.0,450,343,97,440,1.312,1.595,295.95,747.25,180.34,49.44,36.75,71.6,104,74,58.43,40.45,138.18,68.4,172.53,Jett,Pearl
Drip#00000,Drip,00000,20,Immortal 2,Immortal 2,Ascendant 1,18.5,Diamond 3,Diamond,14,6,0,70.0,366,290,86,399,1.262,1.559,252.75,677.05,166.55,28.15,31.6,71.35,63,38,62.38,25.31,8.27,54.68,217.79,Jett,Breeze
EL103#103,EL103,103,20,Immortal 3,Immortal 3,Ascendant 1,18.65,Ascendant 1,Ascendant,16,4,0,80.0,411,274,103,442,1.5,1.876,264.25,761.3,177.03,55.45,19.95,77.2,73,50,59.35,27.83,8.6,68.19,196.02,Chamber,Breeze
Reynoru#Hwk,Reynoru,Hwk,20,Ascendant 2,Ascendant 2,Ascendant 1,19.1,Ascendant 1,Ascendant,10,10,0,50.0,277,289,104,399,0.958,1.318,205.5,478.4,141.13,5.1,26.2,65.05,46,47,49.46,23.31,6.02,82.51,292.04,Chamber,Pearl
Valentino7880#3521,Valentino7880,3521,20,Ascendant 2,Ascendant 2,Ascendant 2,19.25,Ascendant 1,Ascendant,8,12,0,40.0,363,318,78,455,1.142,1.387,221.5,572.9,143.19,16.46,37.95,66.85,43,46,48.31,19.56,177.36,55.74,200.2,Chamber,Breeze
ibuprofen0#mshll,ibuprofen0,mshll,20,Ascendant 3,Ascendant 3,Ascendant 2,19.3,Ascendant 1,Ascendant,10,10,0,50.0,381,345,108,437,1.104,1.417,249.85,623.5,153.74,10.12,29.75,69.6,56,44,56.0,22.88,181.24,52.92,159.36,Chamber,Haven
twitch izitukei#teffv,twitch izitukei,teffv,20,Radiant,Radiant,Ascendant 1,19.4,Ascendant 1,Ascendant,16,3,1,80.0,407,263,128,402,1.548,2.034,269.6,780.3,174.2,60.15,33.4,75.75,51,32,61.45,20.65,96.27,77.33,190.26,Clove,Pearl
xan#vic,xan,vic,20,Ascendant 3,Ascendant 3,Ascendant 1,19.4,Ascendant 1,Ascendant,11,9,0,55.0,343,305,67,412,1.125,1.344,236.85,622.15,142.35,33.24,31.45,64.75,65,46,58.56,26.94,74.27,52.43,200.81,Chamber,Breeze
John Constantine#13571,John Constantine,13571,20,Radiant,Radiant,Ascendant 3,19.5,Ascendant 1,Ascendant,12,8,0,60.0,399,258,93,387,1.547,1.907,285.85,758.75,192.63,71.91,43.9,75.15,64,43,59.81,27.65,148.06,65.24,227.61,Jett,Fracture
djk#331,djk,331,20,Immortal 1,Immortal 1,Ascendant 2,19.65,Ascendant 2,Ascendant,8,12,0,40.0,279,325,104,433,0.858,1.178,179.15,442.8,116.55,-27.55,24.65,70.1,24,36,40.0,13.86,3.0,28.84,149.48,Brimstone,Breeze
gianluigi buffon#GTG,gianluigi buffon,GTG,20,Radiant,Radiant,Ascendant 2,19.65,Ascendant 2,Ascendant,14,6,0,70.0,388,335,144,441,1.158,1.588,250.65,674.3,161.96,31.19,35.25,71.45,30,26,53.57,12.7,164.63,53.93,185.23,Clove,Ascent
Kishi#Kaise,Kishi,Kaise,20,Ascendant 3,Ascendant 3,Ascendant 2,19.9,Ascendant 2,Ascendant,8,12,0,40.0,316,304,80,406,1.039,1.303,226.35,563.6,145.94,18.91,30.05,66.35,57,46,55.34,25.37,85.96,53.67,227.6,Jett,Fracture
4 4 4#Jime,4 4 4,Jime,20,Immortal 3,Immortal 3,Ascendant 2,19.95,Ascendant 2,Ascendant,14,6,0,70.0,342,278,154,394,1.23,1.784,225.9,660.0,152.44,64.55,41.6,65.8,45,55,45.0,25.38,470.05,106.1,256.2,Clove,Lotus
ManoloDeus#LST,ManoloDeus,LST,20,Immortal 2,Immortal 2,Ascendant 1,20.0,Ascendant 2,Ascendant,11,9,0,55.0,351,286,123,408,1.227,1.657,248.35,673.65,153.45,46.01,36.95,67.2,43,38,53.09,19.85,194.61,51.24,200.01,Omen,Split
Kirito#maata,Kirito,maata,20,Radiant,Radiant,Immortal 1,20.4,Ascendant 2,Ascendant,13,7,0,65.0,389,310,118,431,1.255,1.635,255.85,670.35,164.94,51.02,36.1,66.6,67,53,55.83,27.84,109.51,88.72,242.21,Jett,Ascent
andrez#333,andrez,333,20,Ascendant 3,Ascendant 3,Ascendant 3,20.4,Ascendant 2,Ascendant,14,6,0,70.0,359,278,68,380,1.291,1.536,260.2,723.5,159.47,61.73,46.75,65.3,73,39,65.18,29.47,336.32,88.04,224.3,Jett,Ascent
Emperador julian#maata,Emperador julian,maata,20,Radiant,Radiant,Immortal 1,20.55,Ascendant 3,Ascendant,16,4,0,80.0,335,268,135,384,1.25,1.754,248.35,699.8,153.06,67.21,35.05,64.45,71,43,62.28,29.69,333.33,88.57,211.49,Neon,Lotus
CROUCH PEEK#luli,CROUCH PEEK,luli,20,Immortal 1,Immortal 1,Ascendant 3,20.7,Ascendant 3,Ascendant,9,10,1,45.0,263,306,123,433,0.859,1.261,179.35,484.25,118.37,-5.48,29.7,65.45,36,49,42.35,19.63,93.53,44.09,205.6,Chamber,Fracture
10y7#LCZ,10y7,LCZ,20,Radiant,Radiant,Ascendant 3,20.75,Ascendant 3,Ascendant,15,5,0,75.0,317,248,135,411,1.278,1.823,213.65,679.3,133.38,40.85,36.0,70.95,20,11,64.52,7.54,242.58,49.43,171.57,Sova,Breeze
Martinj#1204,Martinj,1204,20,Immortal 2,Immortal 2,Ascendant 3,20.75,Ascendant 3,Ascendant,8,12,0,40.0,330,314,117,432,1.051,1.424,216.9,585.35,127.06,20.13,31.0,67.45,32,21,60.38,12.27,221.06,48.09,180.44,Fade,Lotus
knyu#javiK,knyu,javiK,20,Radiant,Radiant,Ascendant 3,20.75,Ascendant 3,Ascendant,15,5,0,75.0,389,242,85,395,1.607,1.959,275.75,776.05,179.42,71.3,31.75,73.75,71,36,66.36,27.09,144.05,58.24,162.19,Chamber,Fracture
Benjammin#Luu,Benjammin,Luu,20,Radiant,Radiant,Ascendant 3,20.85,Ascendant 3,Ascendant,17,3,0,85.0,390,283,102,419,1.378,1.739,260.35,719.9,167.29,35.65,29.15,76.1,48,26,64.86,17.66,9.55,63.84,196.98,Clove,Fracture
TulaShyydeuS#Flo,TulaShyydeuS,Flo,20,Radiant,Radiant,Ascendant 3,20.85,Ascendant 3,Ascendant,17,3,0,85.0,395,263,186,417,1.502,2.209,246.6,717.25,166.06,94.15,40.5,63.8,45,38,54.22,19.9,578.66,125.22,217.19,Clove,Ascent
P4SGARSSJGOD#S1NK,P4SGARSSJGOD,S1NK,20,Immortal 2,Immortal 2,Immortal 1,21.1,Ascendant 3,Ascendant,8,12,0,40.0,354,337,139,445,1.05,1.463,225.8,603.65,134.84,20.41,30.85,67.6,53,38,58.24,20.45,201.8,45.05,189.82,Clove,Ascent
Хави#zzz,Хави,zzz,20,Radiant,Radiant,Immortal 1,21.2,Ascendant 3,Ascendant,11,9,0,55.0,360,353,165,416,1.02,1.487,256.55,650.4,167.36,3.0,21.85,77.0,52,35,59.77,20.91,6.73,73.12,217.44,Clove,Ascent
TulaShyydeuS#ssj69,TulaShyydeuS,ssj69,20,Radiant,Radiant,Immortal 1,21.25,Ascendant 3,Ascendant,13,7,0,65.0,433,259,100,414,1.672,2.058,288.8,777.0,189.86,82.25,33.15,75.5,58,22,72.5,19.32,179.95,96.08,191.9,Vyse,Split
nvzıи#16y,nvzıи,16y,20,Immortal 1,Immortal 1,Ascendant 3,21.3,Ascendant 3,Ascendant,10,10,0,50.0,363,311,86,425,1.167,1.444,242.3,635.8,159.93,7.6,29.7,76.5,51,44,53.68,22.35,6.59,68.08,233.75,Neon,Ascent
volten#333,volten,333,20,Immortal 2,Immortal 2,Immortal 1,21.35,Ascendant 3,Ascendant,11,9,0,55.0,354,295,75,416,1.2,1.454,228.7,587.05,133.31,30.41,35.65,60.8,54,41,56.84,22.84,263.94,69.43,246.27,Chamber,Pearl
kasuroˇ#ale,kasuroˇ,ale,20,Radiant,Radiant,Immortal 1,21.4,Ascendant 3,Ascendant,13,6,1,65.0,327,306,94,434,1.069,1.376,218.15,578.3,136.97,21.98,37.85,65.2,43,35,55.13,17.97,199.77,65.15,230.3,Clove,Ascent
KremA#Cheat,KremA,Cheat,20,Immortal 2,Immortal 2,Ascendant 3,21.45,Ascendant 3,Ascendant,11,9,0,55.0,301,298,116,404,1.01,1.399,212.0,543.85,143.63,4.4,23.95,69.4,40,30,57.14,17.33,5.94,69.73,259.74,Chamber,Fracture
LEV Kramz#sei,LEV Kramz,sei,20,Radiant,Radiant,Ascendant 3,21.5,Ascendant 3,Ascendant,16,3,1,80.0,422,308,135,420,1.37,1.808,279.5,774.35,181.18,53.25,29.3,75.35,45,38,54.22,19.76,197.86,84.23,157.67,Clove,Pearl
duby do bronx#477,duby do bronx,477,20,Radiant,Radiant,Immortal 1,21.5,Ascendant 3,Ascendant,13,6,1,65.0,401,285,126,427,1.407,1.849,267.65,743.65,165.41,59.95,35.45,70.0,49,35,58.33,19.67,193.44,55.4,175.16,Sova,Lotus
shinden nx1#ange,shinden nx1,ange,20,Radiant,Radiant,Ascendant 3,21.5,Ascendant 3,Ascendant,13,6,1,65.0,415,297,155,439,1.397,1.919,272.55,744.2,180.88,50.15,30.0,76.15,55,39,58.51,21.41,8.88,60.93,185.19,Omen,Split
uPSET#369,uPSET,369,20,Immortal 2,Immortal 2,Immortal 1,21.5,Ascendant 3,Ascendant,10,10,0,50.0,363,316,84,433,1.149,1.415,244.7,650.4,154.12,27.2,28.1,70.1,66,46,58.93,25.87,151.04,59.57,238.69,Jett,Split
LEV ronaldinho#gol,LEV ronaldinho,gol,20,Radiant,Radiant,Ascendant 3,21.6,Immortal 1,Immortal,16,4,0,80.0,381,269,110,412,1.416,1.825,252.15,756.4,167.86,55.06,39.1,77.15,57,38,60.0,23.06,198.79,87.55,173.94,Jett,Breeze
safiro#goat,safiro,goat,20,Radiant,Radiant,Immortal 1,21.65,Immortal 1,Immortal,15,5,0,75.0,381,268,137,406,1.422,1.933,264.5,728.3,173.81,36.04,33.4,73.15,51,28,64.56,19.46,16.01,67.48,206.08,Phoenix,Pearl
babuino soltero#chubi,babuino soltero,chubi,20,Radiant,Radiant,Immortal 1,21.85,Immortal 1,Immortal,14,6,0,70.0,443,311,151,450,1.424,1.91,275.25,764.2,174.86,55.02,38.6,76.8,39,21,65.0,13.33,130.89,64.81,160.95,Omen,Haven
PAPOI PEEK#daisi,PAPOI PEEK,daisi,20,Immortal 1,Immortal 1,Immortal 1,21.9,Immortal 1,Immortal,15,5,0,75.0,381,281,164,416,1.356,1.94,266.85,769.4,186.07,47.15,26.7,81.75,50,36,58.14,20.67,8.65,77.99,177.8,Clove,Split
jvhz#ttv,jvhz,ttv,20,Radiant,Radiant,Immortal 1,21.9,Immortal 1,Immortal,11,9,0,55.0,381,296,100,430,1.287,1.625,236.4,616.7,153.38,39.73,36.25,65.7,54,41,56.84,22.09,155.81,84.68,225.28,Jett,Breeze
softly23#15yo,softly23,15yo,20,Immortal 1,Immortal 1,Immortal 1,21.95,Immortal 1,Immortal,15,5,0,75.0,375,285,96,432,1.316,1.653,243.05,707.65,153.96,40.02,29.4,71.2,45,34,56.96,18.29,48.38,52.43,188.37,Chamber,Breeze
Twitch NaNoWfps#AORUS,Twitch NaNoWfps,AORUS,20,Radiant,Radiant,Immortal 1,22.0,Immortal 1,Immortal,10,10,0,50.0,368,306,143,441,1.203,1.67,234.9,626.05,152.89,48.2,32.55,66.55,58,49,54.21,24.26,145.8,86.71,167.81,Jett,Pearl
